Instância,Solução ótima (SO),Solução inicial,Solução encontrada (SE),% de desvio em relação à solução ótima,Tempo computacional,Heurística Inicial,Algoritmo Pós-processamento
a280,2579,3324.59,2879.81,11.66382318728189,14,NearestNeighbor,LinKernighanHeuristic
a280,2579,3324.59,3324.59,28.910042652190775,1,NearestNeighbor,OptK
a280,2579,3324.59,2880.54,11.69212873206669,3329,NearestNeighbor,OptOr
a280,2579,3324.59,3130.3,21.376502520356734,10061,NearestNeighbor,Opt3
a280,2579,3324.59,2884.68,11.8526560682435,177,NearestNeighbor,Opt2
a280,2579,3781.94,2914.6,13.012795657231482,1,MinimumSpanningTreeHeuristic,LinKernighanHeuristic
a280,2579,3781.94,3781.94,46.643660333462584,0,MinimumSpanningTreeHeuristic,OptK
a280,2579,3781.94,3043.11,17.99573478092284,5534,MinimumSpanningTreeHeuristic,OptOr
a280,2579,3781.94,2955.67,14.60527336176813,20130,MinimumSpanningTreeHeuristic,Opt3
a280,2579,3781.94,2899.19,12.415277239240018,193,MinimumSpanningTreeHeuristic,Opt2
a280,2579,3071.85,2946.74,14.259015122140356,1,CheapestInsertion,LinKernighanHeuristic
a280,2579,3071.85,3071.85,19.110120201628536,0,CheapestInsertion,OptK
a280,2579,3071.85,2815.43,9.167506785575798,2873,CheapestInsertion,OptOr
a280,2579,3071.85,2914.47,13.00775494377665,10053,CheapestInsertion,Opt3
a280,2579,3071.85,2897.56,12.352074447460254,128,CheapestInsertion,Opt2
a280,2579,2962.64,2952.67,14.488949205118265,0,FarthestInsertion,LinKernighanHeuristic
a280,2579,2962.64,2962.64,14.87553315238464,0,FarthestInsertion,OptK
a280,2579,2962.64,2809.01,8.918573090345104,1943,FarthestInsertion,OptOr
a280,2579,2962.64,2952.68,14.489336952307088,7535,FarthestInsertion,Opt3
a280,2579,2962.64,2929.4,13.586661496704153,96,FarthestInsertion,Opt2
a280,2579,35345.83,2882.18,11.755719271035279,1,RandomPathConstruction,LinKernighanHeuristic
a280,2579,35345.83,35056.36,1259.3005040713456,0,RandomPathConstruction,OptK
a280,2579,35345.83,3273.79,26.940286932919733,15635,RandomPathConstruction,OptOr
a280,2579,35345.83,2925.38,13.430787126793334,15060,RandomPathConstruction,Opt3
a280,2579,35345.83,3022.91,17.212485459480416,193,RandomPathConstruction,Opt2
bier127,118282,135098.7,124973.92,5.657597943896787,0,NearestNeighbor,LinKernighanHeuristic
bier127,118282,135098.7,135098.7,14.217463350298448,0,NearestNeighbor,OptK
bier127,118282,135098.7,121275.43,2.530757004446994,203,NearestNeighbor,OptOr
bier127,118282,135098.7,129692.59,9.64693698111293,605,NearestNeighbor,Opt3
bier127,118282,135098.7,124973.92,5.657597943896787,13,NearestNeighbor,Opt2
bier127,118282,157605.76,128095.86,8.297002079775453,0,MinimumSpanningTreeHeuristic,LinKernighanHeuristic
bier127,118282,157605.76,157605.76,33.245768586936315,0,MinimumSpanningTreeHeuristic,OptK
bier127,118282,157605.76,128986.37,9.049872338986486,341,MinimumSpanningTreeHeuristic,OptOr
bier127,118282,157605.76,134868.97,14.02324106795624,726,MinimumSpanningTreeHeuristic,Opt3
bier127,118282,157605.76,128095.86,8.297002079775453,10,MinimumSpanningTreeHeuristic,Opt2
bier127,118282,138341.6,136215.72,15.161833584146365,0,CheapestInsertion,LinKernighanHeuristic
bier127,118282,138341.6,138341.6,16.959131566933266,0,CheapestInsertion,OptK
bier127,118282,138341.6,127445.49,7.747155103904234,111,CheapestInsertion,OptOr
bier127,118282,138341.6,135881.09,14.87892494208755,850,CheapestInsertion,Opt3
bier127,118282,138341.6,135174.21,14.28130231142523,9,CheapestInsertion,Opt2
bier127,118282,129535.48,129535.48,9.514110346460152,0,FarthestInsertion,LinKernighanHeuristic
bier127,118282,129535.48,129535.48,9.514110346460152,0,FarthestInsertion,OptK
bier127,118282,129535.48,123736.05,4.6110566273820215,99,FarthestInsertion,OptOr
bier127,118282,129535.48,127614.8,7.890296072098884,728,FarthestInsertion,Opt3
bier127,118282,129535.48,129535.48,9.514110346460152,7,FarthestInsertion,Opt2
bier127,118282,664215.72,129349.51,9.356884394920609,0,RandomPathConstruction,LinKernighanHeuristic
bier127,118282,664215.72,664215.72,461.5526622816658,0,RandomPathConstruction,OptK
bier127,118282,664215.72,132374.95,11.91470384335741,634,RandomPathConstruction,OptOr
bier127,118282,664215.72,131137.43,10.868458429854073,847,RandomPathConstruction,Opt3
bier127,118282,664215.72,133907.77,13.21060685480461,16,RandomPathConstruction,Opt2
ch130,6110,7575.29,6741.95,10.342880523731585,0,NearestNeighbor,LinKernighanHeuristic
ch130,6110,7575.29,7575.29,23.981833060556465,0,NearestNeighbor,OptK
ch130,6110,7575.29,6900.38,12.935842880523735,177,NearestNeighbor,OptOr
ch130,6110,7575.29,6741.39,10.33371522094927,1195,NearestNeighbor,Opt3
ch130,6110,7575.29,6626.99,8.461374795417345,17,NearestNeighbor,Opt2
ch130,6110,8128.76,6761.17,10.65744680851064,0,MinimumSpanningTreeHeuristic,LinKernighanHeuristic
ch130,6110,8128.76,8128.76,33.04026186579379,0,MinimumSpanningTreeHeuristic,OptK
ch130,6110,8128.76,7006.1,14.666121112929629,354,MinimumSpanningTreeHeuristic,OptOr
ch130,6110,8128.76,6664.0,9.067103109656301,796,MinimumSpanningTreeHeuristic,Opt3
ch130,6110,8128.76,6712.19,9.855810147299502,17,MinimumSpanningTreeHeuristic,Opt2
ch130,6110,7200.01,6887.28,12.72144026186579,0,CheapestInsertion,LinKernighanHeuristic
ch130,6110,7200.01,7200.01,17.839770867430445,0,CheapestInsertion,OptK
ch130,6110,7200.01,6562.3,7.4026186579378095,229,CheapestInsertion,OptOr
ch130,6110,7200.01,6864.51,12.348772504091658,533,CheapestInsertion,Opt3
ch130,6110,7200.01,6865.66,12.367594108019638,10,CheapestInsertion,Opt2
ch130,6110,6493.75,6485.6,6.147299509001643,0,FarthestInsertion,LinKernighanHeuristic
ch130,6110,6493.75,6493.75,6.280687397708674,0,FarthestInsertion,OptK
ch130,6110,6493.75,6352.58,3.9702127659574455,60,FarthestInsertion,OptOr
ch130,6110,6493.75,6493.75,6.280687397708674,132,FarthestInsertion,Opt3
ch130,6110,6493.75,6485.6,6.147299509001643,6,FarthestInsertion,Opt2
ch130,6110,45895.74,6586.73,7.8024549918166874,1,RandomPathConstruction,LinKernighanHeuristic
ch130,6110,45895.74,45842.43,650.2852700490998,0,RandomPathConstruction,OptK
ch130,6110,45895.74,6834.68,11.86055646481179,708,RandomPathConstruction,OptOr
ch130,6110,45895.74,6691.81,9.522258592471365,664,RandomPathConstruction,Opt3
ch130,6110,45895.74,6709.33,9.809001636661211,14,RandomPathConstruction,Opt2
ch150,6528,8194.61,6665.32,2.103553921568623,0,NearestNeighbor,LinKernighanHeuristic
ch150,6528,8194.61,8194.61,25.53017769607844,0,NearestNeighbor,OptK
ch150,6528,8194.61,7094.48,8.677696078431365,252,NearestNeighbor,OptOr
ch150,6528,8194.61,7382.81,13.094515931372555,693,NearestNeighbor,Opt3
ch150,6528,8194.61,6662.69,2.063265931372543,25,NearestNeighbor,Opt2
ch150,6528,8333.47,7005.31,7.311734068627457,0,MinimumSpanningTreeHeuristic,LinKernighanHeuristic
ch150,6528,8333.47,8333.47,27.65732230392156,0,MinimumSpanningTreeHeuristic,OptK
ch150,6528,8333.47,7138.76,9.356004901960787,489,MinimumSpanningTreeHeuristic,OptOr
ch150,6528,8333.47,7202.82,10.337316176470583,689,MinimumSpanningTreeHeuristic,Opt3
ch150,6528,8333.47,7131.18,9.239889705882359,25,MinimumSpanningTreeHeuristic,Opt2
ch150,6528,8048.36,7509.89,15.041207107843144,0,CheapestInsertion,LinKernighanHeuristic
ch150,6528,8048.36,8048.36,23.289828431372545,0,CheapestInsertion,OptK
ch150,6528,8048.36,7045.04,7.920343137254901,333,CheapestInsertion,OptOr
ch150,6528,8048.36,7550.14,15.657781862745104,917,CheapestInsertion,Opt3
ch150,6528,8048.36,7485.94,14.67432598039215,16,CheapestInsertion,Opt2
ch150,6528,7212.42,7150.48,9.535539215686267,0,FarthestInsertion,LinKernighanHeuristic
ch150,6528,7212.42,7212.42,10.484375000000002,0,FarthestInsertion,OptK
ch150,6528,7212.42,6934.7,6.230085784313723,102,FarthestInsertion,OptOr
ch150,6528,7212.42,7152.66,9.56893382352941,462,FarthestInsertion,Opt3
ch150,6528,7212.42,7150.48,9.535539215686267,15,FarthestInsertion,Opt2
ch150,6528,53084.79,7324.89,12.20726102941177,1,RandomPathConstruction,LinKernighanHeuristic
ch150,6528,53084.79,52809.05,708.9621629901961,0,RandomPathConstruction,OptK
ch150,6528,53084.79,7706.69,18.05591299019607,1270,RandomPathConstruction,OptOr
ch150,6528,53084.79,7392.23,13.238817401960778,1387,RandomPathConstruction,Opt3
ch150,6528,53084.79,7383.23,13.100949754901956,25,RandomPathConstruction,Opt2
d198,15780,18585.12,16363.13,3.695373891001262,0,NearestNeighbor,LinKernighanHeuristic
d198,15780,18585.12,18585.12,17.7764258555133,0,NearestNeighbor,OptK
d198,15780,18585.12,17465.07,10.678517110266156,831,NearestNeighbor,OptOr
d198,15780,18585.12,17258.92,9.3721166032953,3332,NearestNeighbor,Opt3
d198,15780,18585.12,16816.12,6.56603295310519,58,NearestNeighbor,Opt2
d198,15780,19261.97,16524.81,4.71996197718632,0,MinimumSpanningTreeHeuristic,LinKernighanHeuristic
d198,15780,19261.97,19261.97,22.06571609632447,0,MinimumSpanningTreeHeuristic,OptK
d198,15780,19261.97,16735.18,6.053105196451206,1345,MinimumSpanningTreeHeuristic,OptOr
d198,15780,19261.97,17065.97,8.149366286438537,3993,MinimumSpanningTreeHeuristic,Opt3
d198,15780,19261.97,16359.54,3.672623574144492,58,MinimumSpanningTreeHeuristic,Opt2
d198,15780,17873.63,17293.62,9.592015209125469,0,CheapestInsertion,LinKernighanHeuristic
d198,15780,17873.63,17873.63,13.267617237008878,0,CheapestInsertion,OptK
d198,15780,17873.63,17005.49,7.766096324461354,643,CheapestInsertion,OptOr
d198,15780,17873.63,17624.7,11.69011406844107,2662,CheapestInsertion,Opt3
d198,15780,17873.63,17367.31,10.058998732572885,35,CheapestInsertion,Opt2
d198,15780,16191.49,16101.84,2.0395437262357423,1,FarthestInsertion,LinKernighanHeuristic
d198,15780,16191.49,16191.49,2.6076679340937883,0,FarthestInsertion,OptK
d198,15780,16191.49,15949.24,1.0724968314321912,233,FarthestInsertion,OptOr
d198,15780,16191.49,16189.61,2.5957541191381535,1332,FarthestInsertion,Opt3
d198,15780,16191.49,16102.86,2.046007604562741,23,FarthestInsertion,Opt2
d198,15780,191929.64,16963.44,7.49961977186311,1,RandomPathConstruction,LinKernighanHeuristic
d198,15780,191929.64,191813.26,1115.5466413181243,0,RandomPathConstruction,OptK
d198,15780,191929.64,18201.82,15.34740177439797,3272,RandomPathConstruction,OptOr
d198,15780,191929.64,18082.08,14.588593155893548,3994,RandomPathConstruction,Opt3
d198,15780,191929.64,16815.13,6.559759188846648,59,RandomPathConstruction,Opt2
eil101,629,892.22,707.74,12.518282988871226,0,NearestNeighbor,LinKernighanHeuristic
eil101,629,892.22,892.22,41.84737678855326,0,NearestNeighbor,OptK
eil101,629,892.22,736.59,17.10492845786964,178,NearestNeighbor,OptOr
eil101,629,892.22,745.06,18.451510333863265,203,NearestNeighbor,Opt3
eil101,629,892.22,681.78,8.391096979332268,10,NearestNeighbor,Opt2
eil101,629,832.22,673.99,7.152623211446742,0,MinimumSpanningTreeHeuristic,LinKernighanHeuristic
eil101,629,832.22,832.22,32.308426073131955,0,MinimumSpanningTreeHeuristic,OptK
eil101,629,832.22,680.2,8.139904610492852,108,MinimumSpanningTreeHeuristic,OptOr
eil101,629,832.22,727.7,15.691573926868053,204,MinimumSpanningTreeHeuristic,Opt3
eil101,629,832.22,677.43,7.6995230524642215,10,MinimumSpanningTreeHeuristic,Opt2
eil101,629,703.58,679.69,8.058823529411773,0,CheapestInsertion,LinKernighanHeuristic
eil101,629,703.58,703.58,11.856915739268686,0,CheapestInsertion,OptK
eil101,629,703.58,672.49,6.91414944356121,38,CheapestInsertion,OptOr
eil101,629,703.58,696.44,10.721780604133555,100,CheapestInsertion,Opt3
eil101,629,703.58,683.55,8.672496025437194,3,CheapestInsertion,Opt2
eil101,629,701.42,698.23,11.00635930047695,0,FarthestInsertion,LinKernighanHeuristic
eil101,629,701.42,701.42,11.513513513513507,0,FarthestInsertion,OptK
eil101,629,701.42,670.67,6.624801271860088,36,FarthestInsertion,OptOr
eil101,629,701.42,693.76,10.295707472178059,102,FarthestInsertion,Opt3
eil101,629,701.42,698.23,11.00635930047695,3,FarthestInsertion,Opt2
eil101,629,3199.44,715.71,13.785373608903026,0,RandomPathConstruction,LinKernighanHeuristic
eil101,629,3199.44,3199.44,408.6550079491256,0,RandomPathConstruction,OptK
eil101,629,3199.44,708.66,12.664546899841012,200,RandomPathConstruction,OptOr
eil101,629,3199.44,736.85,17.146263910969797,254,RandomPathConstruction,Opt3
eil101,629,3199.44,687.66,9.325914149443557,10,RandomPathConstruction,Opt2
gil262,2378,3004.95,2589.1,8.877207737594613,0,NearestNeighbor,LinKernighanHeuristic
gil262,2378,3004.95,3004.95,26.364592094196798,0,NearestNeighbor,OptK
gil262,2378,3004.95,2555.63,7.469722455845253,4073,NearestNeighbor,OptOr
gil262,2378,3004.95,2655.19,11.656433978132887,9742,NearestNeighbor,Opt3
gil262,2378,3004.95,2571.94,8.1555929352397,160,NearestNeighbor,Opt2
gil262,2378,3358.15,2737.98,15.13793103448276,0,MinimumSpanningTreeHeuristic,LinKernighanHeuristic
gil262,2378,3358.15,3358.15,41.21740958788899,0,MinimumSpanningTreeHeuristic,OptK
gil262,2378,3358.15,2769.85,16.478132884777118,4889,MinimumSpanningTreeHeuristic,OptOr
gil262,2378,3358.15,2792.04,17.41126997476871,9744,MinimumSpanningTreeHeuristic,Opt3
gil262,2378,3358.15,2692.41,13.221614802354914,160,MinimumSpanningTreeHeuristic,Opt2
gil262,2378,2825.13,2659.93,11.855761143818327,0,CheapestInsertion,LinKernighanHeuristic
gil262,2378,2825.13,2825.13,18.802775441547524,0,CheapestInsertion,OptK
gil262,2378,2825.13,2570.68,8.102607232968873,2679,CheapestInsertion,OptOr
gil262,2378,2825.13,2695.68,13.35912531539108,7827,CheapestInsertion,Opt3
gil262,2378,2825.13,2648.69,11.383095037846932,106,CheapestInsertion,Opt2
gil262,2378,2639.2,2603.7,9.491169049621522,1,FarthestInsertion,LinKernighanHeuristic
gil262,2378,2639.2,2639.2,10.98402018502943,0,FarthestInsertion,OptK
gil262,2378,2639.2,2534.08,6.563498738435657,1523,FarthestInsertion,OptOr
gil262,2378,2639.2,2624.59,10.369638351555935,5852,FarthestInsertion,Opt3
gil262,2378,2639.2,2603.7,9.491169049621522,80,FarthestInsertion,Opt2
gil262,2378,25607.49,2657.26,11.743481917577805,2,RandomPathConstruction,LinKernighanHeuristic
gil262,2378,25607.49,25607.49,976.849873843566,0,RandomPathConstruction,OptK
gil262,2378,25607.49,2836.44,19.278385197645083,8426,RandomPathConstruction,OptOr
gil262,2378,25607.49,2887.03,21.405803195963003,15619,RandomPathConstruction,Opt3
gil262,2378,25607.49,2778.46,16.840201850294367,186,RandomPathConstruction,Opt2
kroA100,21282,26856.39,22955.91,7.865379193684803,0,NearestNeighbor,LinKernighanHeuristic
kroA100,21282,26856.39,26856.39,26.192979983084292,0,NearestNeighbor,OptK
kroA100,21282,26856.39,23647.64,11.115684616107506,94,NearestNeighbor,OptOr
kroA100,21282,26856.39,23619.16,10.981862606897847,340,NearestNeighbor,Opt3
kroA100,21282,26856.39,22831.11,7.2789681420919115,6,NearestNeighbor,Opt2
kroA100,21282,27211.68,22510.21,5.771121135231647,0,MinimumSpanningTreeHeuristic,LinKernighanHeuristic
kroA100,21282,27211.68,27211.68,27.862418945587823,0,MinimumSpanningTreeHeuristic,OptK
kroA100,21282,27211.68,23741.46,11.55652664223287,96,MinimumSpanningTreeHeuristic,OptOr
kroA100,21282,27211.68,24990.25,17.424349215299316,145,MinimumSpanningTreeHeuristic,Opt3
kroA100,21282,27211.68,23348.71,9.711070388121414,4,MinimumSpanningTreeHeuristic,Opt2
kroA100,21282,24299.51,22565.82,6.032421764871721,0,CheapestInsertion,LinKernighanHeuristic
kroA100,21282,24299.51,24299.51,14.178695611314717,0,CheapestInsertion,OptK
kroA100,21282,24299.51,21373.68,0.43078658020862837,46,CheapestInsertion,OptOr
kroA100,21282,24299.51,24291.96,14.143219622215952,99,CheapestInsertion,Opt3
kroA100,21282,24299.51,22565.82,6.032421764871721,5,CheapestInsertion,Opt2
kroA100,21282,23358.28,23026.65,8.197772765717515,0,FarthestInsertion,LinKernighanHeuristic
kroA100,21282,23358.28,23358.28,9.75603796635654,0,FarthestInsertion,OptK
kroA100,21282,23358.28,22180.87,4.223616201484818,61,FarthestInsertion,OptOr
kroA100,21282,23358.28,22151.09,4.0836857438210705,389,FarthestInsertion,Opt3
kroA100,21282,23358.28,23026.65,8.197772765717515,6,FarthestInsertion,Opt2
kroA100,21282,171467.76,24189.01,13.659477492716842,0,RandomPathConstruction,LinKernighanHeuristic
kroA100,21282,171467.76,171467.76,705.6938257682549,0,RandomPathConstruction,OptK
kroA100,21282,171467.76,28205.29,32.53120007518091,371,RandomPathConstruction,OptOr
kroA100,21282,171467.76,26130.12,22.780377784042848,339,RandomPathConstruction,Opt3
kroA100,21282,171467.76,24189.01,13.659477492716842,7,RandomPathConstruction,Opt2
kroA150,26524,33609.87,28970.17,9.222477755994564,0,NearestNeighbor,LinKernighanHeuristic
kroA150,26524,33609.87,33609.87,26.714937415171175,0,NearestNeighbor,OptK
kroA150,26524,33609.87,29920.11,12.803913436887349,464,NearestNeighbor,OptOr
kroA150,26524,33609.87,30089.94,13.444201477906798,917,NearestNeighbor,Opt3
kroA150,26524,33609.87,29305.3,10.485974966068463,25,NearestNeighbor,Opt2
kroA150,26524,35122.57,28627.4,7.930176443975273,0,MinimumSpanningTreeHeuristic,LinKernighanHeuristic
kroA150,26524,35122.57,35122.57,32.4180741969537,0,MinimumSpanningTreeHeuristic,OptK
kroA150,26524,35122.57,28996.78,9.322801990649973,423,MinimumSpanningTreeHeuristic,OptOr
kroA150,26524,35122.57,29671.19,11.865442618006329,918,MinimumSpanningTreeHeuristic,Opt3
kroA150,26524,35122.57,28585.44,7.771980093500221,25,MinimumSpanningTreeHeuristic,Opt2
kroA150,26524,30931.41,29136.75,9.850512743175992,1,CheapestInsertion,LinKernighanHeuristic
kroA150,26524,30931.41,30931.41,16.616686774242197,0,CheapestInsertion,OptK
kroA150,26524,30931.41,28754.87,8.410760066354996,245,CheapestInsertion,OptOr
kroA150,26524,30931.41,29658.5,11.817599155481828,460,CheapestInsertion,Opt3
kroA150,26524,30931.41,29522.51,11.304893681194383,20,CheapestInsertion,Opt2
kroA150,26524,28657.77,28645.36,7.997888704569449,0,FarthestInsertion,LinKernighanHeuristic
kroA150,26524,28657.77,28657.77,8.044676519378678,0,FarthestInsertion,OptK
kroA150,26524,28657.77,28209.52,6.354697632332982,77,FarthestInsertion,OptOr
kroA150,26524,28657.77,28584.28,7.767606695822647,459,FarthestInsertion,Opt3
kroA150,26524,28657.77,28645.36,7.997888704569449,10,FarthestInsertion,Opt2
kroA150,26524,277910.95,29853.06,12.551123510782691,1,RandomPathConstruction,LinKernighanHeuristic
kroA150,26524,277910.95,277904.64,947.7478510028653,0,RandomPathConstruction,OptK
kroA150,26524,277910.95,29867.02,12.603755089730056,1297,RandomPathConstruction,OptOr
kroA150,26524,277910.95,31553.26,18.96116724475946,1148,RandomPathConstruction,Opt3
kroA150,26524,277910.95,29853.06,12.551123510782691,31,RandomPathConstruction,Opt2
kroA200,29368,35798.41,30056.67,2.3449673113592966,1,NearestNeighbor,LinKernighanHeuristic
kroA200,29368,35798.41,35798.41,21.89597521111415,0,NearestNeighbor,OptK
kroA200,29368,35798.41,31693.18,7.917393080904386,1510,NearestNeighbor,OptOr
kroA200,29368,35798.41,32434.45,10.441466902751296,2076,NearestNeighbor,Opt3
kroA200,29368,35798.41,30056.67,2.3449673113592966,48,NearestNeighbor,Opt2
kroA200,29368,40030.87,31616.43,7.656054208662491,1,MinimumSpanningTreeHeuristic,LinKernighanHeuristic
kroA200,29368,40030.87,40030.87,36.307783982566065,0,MinimumSpanningTreeHeuristic,OptK
kroA200,29368,40030.87,32975.46,12.283642059384361,1897,MinimumSpanningTreeHeuristic,OptOr
kroA200,29368,40030.87,32664.43,11.22456415145737,3458,MinimumSpanningTreeHeuristic,Opt3
kroA200,29368,40030.87,31616.43,7.656054208662491,61,MinimumSpanningTreeHeuristic,Opt2
kroA200,29368,34194.93,32112.56,9.345409970035417,1,CheapestInsertion,LinKernighanHeuristic
kroA200,29368,34194.93,34194.93,16.4360187959684,0,CheapestInsertion,OptK
kroA200,29368,34194.93,31170.82,6.138722418959411,824,CheapestInsertion,OptOr
kroA200,29368,34194.93,32204.69,9.659118768727863,3460,CheapestInsertion,Opt3
kroA200,29368,34194.93,32131.42,9.409629528738757,60,CheapestInsertion,Opt2
kroA200,29368,31951.47,31770.7,8.181353854535551,0,FarthestInsertion,LinKernighanHeuristic
kroA200,29368,31951.47,31951.47,8.796887769000277,0,FarthestInsertion,OptK
kroA200,29368,31951.47,30753.73,4.718503132661398,295,FarthestInsertion,OptOr
kroA200,29368,31951.47,31926.06,8.710365023154457,1384,FarthestInsertion,Opt3
kroA200,29368,31951.47,31770.7,8.181353854535551,37,FarthestInsertion,Opt2
kroA200,29368,332882.84,32114.59,9.352322255516208,1,RandomPathConstruction,LinKernighanHeuristic
kroA200,29368,332882.84,332882.84,1033.488286570417,0,RandomPathConstruction,OptK
kroA200,29368,332882.84,37691.4,28.34173249795697,4567,RandomPathConstruction,OptOr
kroA200,29368,332882.84,33296.75,13.37765595205666,4154,RandomPathConstruction,Opt3
kroA200,29368,332882.84,33263.44,13.264233178970317,84,RandomPathConstruction,Opt2
kroB100,22141,29155.04,22774.01,2.8589946253556677,0,NearestNeighbor,LinKernighanHeuristic
kroB100,22141,29155.04,29155.04,31.678966623007092,0,NearestNeighbor,OptK
kroB100,22141,29155.04,25830.87,16.66532676934194,60,NearestNeighbor,OptOr
kroB100,22141,29155.04,25203.76,13.832979540219496,293,NearestNeighbor,Opt3
kroB100,22141,29155.04,22919.06,3.514114086987947,10,NearestNeighbor,Opt2
kroB100,22141,25881.2,23723.37,7.146786504674581,0,MinimumSpanningTreeHeuristic,LinKernighanHeuristic
kroB100,22141,25881.2,25881.2,16.892642608734928,0,MinimumSpanningTreeHeuristic,OptK
kroB100,22141,25881.2,22781.73,2.893862065850682,69,MinimumSpanningTreeHeuristic,OptOr
kroB100,22141,25881.2,24811.72,12.062327808138752,145,MinimumSpanningTreeHeuristic,Opt3
kroB100,22141,25881.2,23328.75,5.3644821823765865,7,MinimumSpanningTreeHeuristic,Opt2
kroB100,22141,26078.62,24480.3,10.565466781084861,0,CheapestInsertion,LinKernighanHeuristic
kroB100,22141,26078.62,26078.62,17.784291585745894,0,CheapestInsertion,OptK
kroB100,22141,26078.62,23787.88,7.438146425184053,56,CheapestInsertion,OptOr
kroB100,22141,26078.62,25116.82,13.440314348945396,148,CheapestInsertion,Opt3
kroB100,22141,26078.62,24810.82,12.058262951086219,5,CheapestInsertion,Opt2
kroB100,22141,23222.08,23135.68,4.492480014452827,0,FarthestInsertion,LinKernighanHeuristic
kroB100,22141,23222.08,23222.08,4.882706291495423,0,FarthestInsertion,OptK
kroB100,22141,23222.08,22796.73,2.9616096833927985,16,FarthestInsertion,OptOr
kroB100,22141,23222.08,23222.08,4.882706291495423,48,FarthestInsertion,Opt3
kroB100,22141,23222.08,23135.68,4.492480014452827,3,FarthestInsertion,Opt2
kroB100,22141,176519.41,23408.08,5.722776749017668,0,RandomPathConstruction,LinKernighanHeuristic
kroB100,22141,176519.41,176519.41,697.251298496003,0,RandomPathConstruction,OptK
kroB100,22141,176519.41,24651.13,11.337021814732854,299,RandomPathConstruction,OptOr
kroB100,22141,176519.41,25959.79,17.24759495957726,437,RandomPathConstruction,Opt3
kroB100,22141,176519.41,23123.22,4.436204326814512,14,RandomPathConstruction,Opt2
kroB150,26130,32825.75,27993.86,7.1330271718331435,1,NearestNeighbor,LinKernighanHeuristic
kroB150,26130,32825.75,32825.75,25.624760811327974,0,NearestNeighbor,OptK
kroB150,26130,32825.75,28440.23,8.841293532338307,393,NearestNeighbor,OptOr
kroB150,26130,32825.75,28421.91,8.771182548794489,1377,NearestNeighbor,Opt3
kroB150,26130,32825.75,27977.86,7.071794871794874,20,NearestNeighbor,Opt2
kroB150,26130,36154.73,27958.42,6.9973976272483664,0,MinimumSpanningTreeHeuristic,LinKernighanHeuristic
kroB150,26130,36154.73,36154.73,38.364829697665535,0,MinimumSpanningTreeHeuristic,OptK
kroB150,26130,36154.73,30177.13,15.488442403367781,627,MinimumSpanningTreeHeuristic,OptOr
kroB150,26130,36154.73,30490.24,16.686720244929205,1148,MinimumSpanningTreeHeuristic,Opt3
kroB150,26130,36154.73,27958.42,6.9973976272483664,31,MinimumSpanningTreeHeuristic,Opt2
kroB150,26130,28841.86,28010.66,7.197321086873325,0,CheapestInsertion,LinKernighanHeuristic
kroB150,26130,28841.86,28841.86,10.378339073861465,0,CheapestInsertion,OptK
kroB150,26130,28841.86,27069.94,3.5971680061232245,221,CheapestInsertion,OptOr
kroB150,26130,28841.86,28415.1,8.745120551090695,919,CheapestInsertion,Opt3
kroB150,26130,28841.86,27896.06,6.75874473784922,15,CheapestInsertion,Opt2
kroB150,26130,27404.49,27210.11,4.133601224646003,0,FarthestInsertion,LinKernighanHeuristic
kroB150,26130,27404.49,27404.49,4.877497129735941,0,FarthestInsertion,OptK
kroB150,26130,27404.49,26560.41,1.6471871412169916,134,FarthestInsertion,OptOr
kroB150,26130,27404.49,27404.49,4.877497129735941,232,FarthestInsertion,Opt3
kroB150,26130,27404.49,27210.11,4.133601224646003,16,FarthestInsertion,Opt2
kroB150,26130,254376.94,28917.99,10.669690011481062,0,RandomPathConstruction,LinKernighanHeuristic
kroB150,26130,254376.94,254376.94,873.5053195560658,0,RandomPathConstruction,OptK
kroB150,26130,254376.94,30713.89,17.542632988901644,863,RandomPathConstruction,OptOr
kroB150,26130,254376.94,30112.57,15.241370072713355,1149,RandomPathConstruction,Opt3
kroB150,26130,254376.94,28917.99,10.669690011481062,26,RandomPathConstruction,Opt2
kroB200,29437,36981.59,32598.09,10.7384923735435,1,NearestNeighbor,LinKernighanHeuristic
kroB200,29437,36981.59,36981.59,25.629615789652465,0,NearestNeighbor,OptK
kroB200,29437,36981.59,32583.16,10.687773890002378,1255,NearestNeighbor,OptOr
kroB200,29437,36981.59,34531.31,17.30580561877908,2766,NearestNeighbor,Opt3
kroB200,29437,36981.59,32195.91,9.372252607262968,48,NearestNeighbor,Opt2
kroB200,29437,40710.96,33363.13,13.337398512076629,0,MinimumSpanningTreeHeuristic,LinKernighanHeuristic
kroB200,29437,40710.96,40710.96,38.29860379794136,0,MinimumSpanningTreeHeuristic,OptK
kroB200,29437,40710.96,33911.12,15.198967286068562,1945,MinimumSpanningTreeHeuristic,OptOr
kroB200,29437,40710.96,32403.98,10.0790841458029,2076,MinimumSpanningTreeHeuristic,Opt3
kroB200,29437,40710.96,33363.13,13.337398512076629,48,MinimumSpanningTreeHeuristic,Opt2
kroB200,29437,35723.95,33276.78,13.044060196351525,0,CheapestInsertion,LinKernighanHeuristic
kroB200,29437,35723.95,35723.95,21.357305431939384,0,CheapestInsertion,OptK
kroB200,29437,35723.95,31971.2,8.608893569317528,1093,CheapestInsertion,OptOr
kroB200,29437,35723.95,33357.7,13.318952338893219,3460,CheapestInsertion,Opt3
kroB200,29437,35723.95,33138.55,12.57448109522031,60,CheapestInsertion,Opt2
kroB200,29437,31526.56,31405.91,6.6885552196215645,0,FarthestInsertion,LinKernighanHeuristic
kroB200,29437,31526.56,31526.56,7.098413561164525,0,FarthestInsertion,OptK
kroB200,29437,31526.56,30012.44,1.9548187654991973,487,FarthestInsertion,OptOr
kroB200,29437,31526.56,31440.74,6.806875700648848,1382,FarthestInsertion,Opt3
kroB200,29437,31526.56,31405.91,6.6885552196215645,25,FarthestInsertion,Opt2
kroB200,29437,330230.76,32376.28,9.984984882970407,1,RandomPathConstruction,LinKernighanHeuristic
kroB200,29437,330230.76,330230.76,1021.8220606719434,0,RandomPathConstruction,OptK
kroB200,29437,330230.76,33627.4,14.235146244522204,3759,RandomPathConstruction,OptOr
kroB200,29437,330230.76,34341.36,16.660529265889867,4149,RandomPathConstruction,Opt3
kroB200,29437,330230.76,32233.17,9.498828005571214,85,RandomPathConstruction,Opt2
kroC100,20749,26327.36,22533.73,8.601522964962165,0,NearestNeighbor,LinKernighanHeuristic
kroC100,20749,26327.36,26327.36,26.884958311243917,0,NearestNeighbor,OptK
kroC100,20749,26327.36,23282.8,12.211672851703694,96,NearestNeighbor,OptOr
kroC100,20749,26327.36,24488.3,18.021591401995273,196,NearestNeighbor,Opt3
kroC100,20749,26327.36,22533.73,8.601522964962165,6,NearestNeighbor,Opt2
kroC100,20749,27966.54,22510.67,8.49038507879897,0,MinimumSpanningTreeHeuristic,LinKernighanHeuristic
kroC100,20749,27966.54,27966.54,34.78500168682829,0,MinimumSpanningTreeHeuristic,OptK
kroC100,20749,27966.54,24225.67,16.7558436551159,102,MinimumSpanningTreeHeuristic,OptOr
kroC100,20749,27966.54,23807.77,14.74177068774399,146,MinimumSpanningTreeHeuristic,Opt3
kroC100,20749,27966.54,22510.67,8.49038507879897,6,MinimumSpanningTreeHeuristic,Opt2
kroC100,20749,24706.9,24103.7,16.16800809677575,0,CheapestInsertion,LinKernighanHeuristic
kroC100,20749,24706.9,24706.9,19.07513615113982,0,CheapestInsertion,OptK
kroC100,20749,24706.9,22733.69,9.56523205937635,51,CheapestInsertion,OptOr
kroC100,20749,24706.9,24490.0,18.029784567930985,148,CheapestInsertion,Opt3
kroC100,20749,24706.9,23955.02,15.4514434430575,6,CheapestInsertion,Opt2
kroC100,20749,21698.84,21510.2,3.6686105354474954,1,FarthestInsertion,LinKernighanHeuristic
kroC100,20749,21698.84,21698.84,4.577762783748615,0,FarthestInsertion,OptK
kroC100,20749,21698.84,20914.79,0.7990264591064672,33,FarthestInsertion,OptOr
kroC100,20749,21698.84,21529.77,3.762928333895611,96,FarthestInsertion,Opt3
kroC100,20749,21698.84,21510.2,3.6686105354474954,3,FarthestInsertion,Opt2
kroC100,20749,169853.06,25637.16,23.55853294134657,0,RandomPathConstruction,LinKernighanHeuristic
kroC100,20749,169853.06,167722.51,708.3402091667069,0,RandomPathConstruction,OptK
kroC100,20749,169853.06,26772.23,29.02901344643115,150,RandomPathConstruction,OptOr
kroC100,20749,169853.06,24377.75,17.488794640705578,340,RandomPathConstruction,Opt3
kroC100,20749,169853.06,24162.33,16.450575931370196,13,RandomPathConstruction,Opt2
kroD100,21294,26950.46,22804.97,7.095754672677755,0,NearestNeighbor,LinKernighanHeuristic
kroD100,21294,26950.46,26950.46,26.563632948248326,0,NearestNeighbor,OptK
kroD100,21294,26950.46,24263.6,13.945712407250863,101,NearestNeighbor,OptOr
kroD100,21294,26950.46,25110.89,17.92472057856673,292,NearestNeighbor,Opt3
kroD100,21294,26950.46,22718.59,6.690100497792805,6,NearestNeighbor,Opt2
kroD100,21294,27113.3,22728.15,6.734995773457318,0,MinimumSpanningTreeHeuristic,LinKernighanHeuristic
kroD100,21294,27113.3,27113.3,27.328355405278476,0,MinimumSpanningTreeHeuristic,OptK
kroD100,21294,27113.3,22604.55,6.154550577627497,102,MinimumSpanningTreeHeuristic,OptOr
kroD100,21294,27113.3,23931.04,12.383957922419466,243,MinimumSpanningTreeHeuristic,Opt3
kroD100,21294,27113.3,22788.25,7.017234901850286,6,MinimumSpanningTreeHeuristic,Opt2
kroD100,21294,25008.08,23585.01,10.758946182023097,0,CheapestInsertion,LinKernighanHeuristic
kroD100,21294,25008.08,25008.08,17.441908518831603,0,CheapestInsertion,OptK
kroD100,21294,25008.08,22362.14,5.016154785385552,80,CheapestInsertion,OptOr
kroD100,21294,25008.08,24216.75,13.725697379543533,194,CheapestInsertion,Opt3
kroD100,21294,25008.08,23174.38,8.830562599793373,9,CheapestInsertion,Opt2
kroD100,21294,22036.23,21774.91,2.25842960458345,0,FarthestInsertion,LinKernighanHeuristic
kroD100,21294,22036.23,22036.23,3.485629754860522,0,FarthestInsertion,OptK
kroD100,21294,22036.23,21753.11,2.156053348361043,11,FarthestInsertion,OptOr
kroD100,21294,22036.23,22036.23,3.485629754860522,49,FarthestInsertion,Opt3
kroD100,21294,22036.23,21774.91,2.25842960458345,3,FarthestInsertion,Opt2
kroD100,21294,170903.32,23781.32,11.68084906546445,0,RandomPathConstruction,LinKernighanHeuristic
kroD100,21294,170903.32,170903.32,702.5890861275477,0,RandomPathConstruction,OptK
kroD100,21294,170903.32,22963.2,7.838827838827843,182,RandomPathConstruction,OptOr
kroD100,21294,170903.32,24633.9,15.684699915469153,293,RandomPathConstruction,Opt3
kroD100,21294,170903.32,25132.47,18.02606367990984,8,RandomPathConstruction,Opt2
kroE100,22068,27587.19,24312.11,10.169068334239626,0,NearestNeighbor,LinKernighanHeuristic
kroE100,22068,27587.19,27587.19,25.009923871669383,0,NearestNeighbor,OptK
kroE100,22068,27587.19,25282.07,14.564391879644734,64,NearestNeighbor,OptOr
kroE100,22068,27587.19,24711.36,11.97824904839587,244,NearestNeighbor,Opt3
kroE100,22068,27587.19,24312.11,10.169068334239626,6,NearestNeighbor,Opt2
kroE100,22068,30507.42,23528.46,6.617998912452416,1,MinimumSpanningTreeHeuristic,LinKernighanHeuristic
kroE100,22068,30507.42,30507.42,38.24279499728112,0,MinimumSpanningTreeHeuristic,OptK
kroE100,22068,30507.42,24120.07,9.298849012144279,148,MinimumSpanningTreeHeuristic,OptOr
kroE100,22068,30507.42,25244.11,14.392378104042056,146,MinimumSpanningTreeHeuristic,Opt3
kroE100,22068,30507.42,23528.46,6.617998912452416,7,MinimumSpanningTreeHeuristic,Opt2
kroE100,22068,24031.13,23542.7,6.682526735544683,0,CheapestInsertion,LinKernighanHeuristic
kroE100,22068,24031.13,24031.13,8.895822004712711,0,CheapestInsertion,OptK
kroE100,22068,24031.13,22529.99,2.093483777415269,23,CheapestInsertion,OptOr
kroE100,22068,24031.13,23878.62,8.204730831973894,145,CheapestInsertion,Opt3
kroE100,22068,24031.13,23573.94,6.824089178901572,4,CheapestInsertion,Opt2
kroE100,22068,23516.98,22819.96,3.407467826717415,0,FarthestInsertion,LinKernighanHeuristic
kroE100,22068,23516.98,23516.98,6.565977886532534,0,FarthestInsertion,OptK
kroE100,22068,23516.98,22562.54,2.2409824179807907,24,FarthestInsertion,OptOr
kroE100,22068,23516.98,22770.31,3.1824814210621777,197,FarthestInsertion,Opt3
kroE100,22068,23516.98,22819.96,3.407467826717415,6,FarthestInsertion,Opt2
kroE100,22068,198501.6,24048.23,8.973309769802427,0,RandomPathConstruction,LinKernighanHeuristic
kroE100,22068,198501.6,195604.8,786.3730288200109,0,RandomPathConstruction,OptK
kroE100,22068,198501.6,24834.5,12.53625158600689,287,RandomPathConstruction,OptOr
kroE100,22068,198501.6,26866.53,21.74429037520391,244,RandomPathConstruction,Opt3
kroE100,22068,198501.6,22698.39,2.8565796628602476,11,RandomPathConstruction,Opt2
lin105,14379,20362.76,16199.7,12.662215731274781,1,NearestNeighbor,LinKernighanHeuristic
lin105,14379,20362.76,20362.76,41.61457681340843,0,NearestNeighbor,OptK
lin105,14379,20362.76,16832.08,17.060157173656037,137,NearestNeighbor,OptOr
lin105,14379,20362.76,18306.7,27.315529591765774,234,NearestNeighbor,Opt3
lin105,14379,20362.76,16199.7,12.662215731274781,9,NearestNeighbor,Opt2
lin105,14379,19893.78,15643.34,8.792961958411572,0,MinimumSpanningTreeHeuristic,LinKernighanHeuristic
lin105,14379,19893.78,19893.78,38.35301481326934,0,MinimumSpanningTreeHeuristic,OptK
lin105,14379,19893.78,16224.8,12.836775853675494,133,MinimumSpanningTreeHeuristic,OptOr
lin105,14379,19893.78,16683.35,16.025801516099857,235,MinimumSpanningTreeHeuristic,Opt3
lin105,14379,19893.78,15738.81,9.456916336323802,11,MinimumSpanningTreeHeuristic,Opt2
lin105,14379,16600.32,15625.55,8.669239863690098,0,CheapestInsertion,LinKernighanHeuristic
lin105,14379,16600.32,16600.32,15.448362194867512,0,CheapestInsertion,OptK
lin105,14379,16600.32,14819.1,3.060713540580015,48,CheapestInsertion,OptOr
lin105,14379,16600.32,15277.31,6.2473746435774355,309,CheapestInsertion,Opt3
lin105,14379,16600.32,15719.53,9.322831907643096,9,CheapestInsertion,Opt2
lin105,14379,15411.96,15279.7,6.263996105431537,0,FarthestInsertion,LinKernighanHeuristic
lin105,14379,15411.96,15411.96,7.183809722511992,0,FarthestInsertion,OptK
lin105,14379,15411.96,14756.72,2.626886431601637,33,FarthestInsertion,OptOr
lin105,14379,15411.96,15329.09,6.607483135127618,117,FarthestInsertion,Opt3
lin105,14379,15411.96,15279.7,6.263996105431537,3,FarthestInsertion,Opt2
lin105,14379,123850.89,14911.46,3.703039154322269,0,RandomPathConstruction,LinKernighanHeuristic
lin105,14379,123850.89,123850.89,761.3317337784268,0,RandomPathConstruction,OptK
lin105,14379,123850.89,16361.83,13.789762848598649,370,RandomPathConstruction,OptOr
lin105,14379,123850.89,16740.8,16.425342513387577,467,RandomPathConstruction,Opt3
lin105,14379,123850.89,15417.41,7.221712219208568,9,RandomPathConstruction,Opt2
pr107,44303,50519.13,45252.18,2.1424734216644477,0,NearestNeighbor,LinKernighanHeuristic
pr107,44303,50519.13,50519.13,14.030945985599164,0,NearestNeighbor,OptK
pr107,44303,50519.13,46761.18,5.548563302710878,94,NearestNeighbor,OptOr
pr107,44303,50519.13,48219.83,8.841003995214775,189,NearestNeighbor,Opt3
pr107,44303,50519.13,45252.18,2.1424734216644477,11,NearestNeighbor,Opt2
pr107,44303,53053.69,44635.45,0.7504006500688375,0,MinimumSpanningTreeHeuristic,LinKernighanHeuristic
pr107,44303,53053.69,53053.69,19.751912963004767,0,MinimumSpanningTreeHeuristic,OptK
pr107,44303,53053.69,49005.25,10.613841049138886,96,MinimumSpanningTreeHeuristic,OptOr
pr107,44303,53053.69,51687.75,16.668735751529244,126,MinimumSpanningTreeHeuristic,Opt3
pr107,44303,53053.69,44960.78,1.4847301537141928,6,MinimumSpanningTreeHeuristic,Opt2
pr107,44303,49814.05,46618.76,5.227095230571297,0,CheapestInsertion,LinKernighanHeuristic
pr107,44303,49814.05,49814.05,12.439451052976104,0,CheapestInsertion,OptK
pr107,44303,49814.05,45978.98,3.7829943796131262,121,CheapestInsertion,OptOr
pr107,44303,49814.05,46036.14,3.9120149876983485,565,CheapestInsertion,Opt3
pr107,44303,49814.05,46618.76,5.227095230571297,6,CheapestInsertion,Opt2
pr107,44303,45742.53,45273.26,2.190054849558725,0,FarthestInsertion,LinKernighanHeuristic
pr107,44303,45742.53,45742.53,3.2492833442430507,0,FarthestInsertion,OptK
pr107,44303,45742.53,44638.88,0.7581427894273466,31,FarthestInsertion,OptOr
pr107,44303,45742.53,45742.53,3.2492833442430507,62,FarthestInsertion,Opt3
pr107,44303,45742.53,45273.26,2.190054849558725,6,FarthestInsertion,Opt2
pr107,44303,517012.36,47916.3,8.15588109157394,0,RandomPathConstruction,LinKernighanHeuristic
pr107,44303,517012.36,517012.36,1066.9917612802744,0,RandomPathConstruction,OptK
pr107,44303,517012.36,61286.34,38.334514592691235,378,RandomPathConstruction,OptOr
pr107,44303,517012.36,52856.68,19.307225244340113,501,RandomPathConstruction,Opt3
pr107,44303,517012.36,47314.68,6.797914362458525,7,RandomPathConstruction,Opt2
pr124,59030,71803.15,60494.49,2.480924953413515,0,NearestNeighbor,LinKernighanHeuristic
pr124,59030,71803.15,71803.15,21.63840420125359,0,NearestNeighbor,OptK
pr124,59030,71803.15,62971.32,6.676808402507199,116,NearestNeighbor,OptOr
pr124,59030,71803.15,64692.44,9.59247840081315,334,NearestNeighbor,Opt3
pr124,59030,71803.15,60494.49,2.480924953413515,15,NearestNeighbor,Opt2
pr124,59030,74440.96,62282.02,5.509097069286798,0,MinimumSpanningTreeHeuristic,LinKernighanHeuristic
pr124,59030,74440.96,74440.96,26.106996442486878,0,MinimumSpanningTreeHeuristic,OptK
pr124,59030,74440.96,62812.84,6.408334745044887,210,MinimumSpanningTreeHeuristic,OptOr
pr124,59030,74440.96,65666.86,11.243198373708285,443,MinimumSpanningTreeHeuristic,Opt3
pr124,59030,74440.96,62282.02,5.509097069286798,12,MinimumSpanningTreeHeuristic,Opt2
pr124,59030,69335.86,62616.56,6.075825851262066,0,CheapestInsertion,LinKernighanHeuristic
pr124,59030,69335.86,69335.86,17.458682026088432,0,CheapestInsertion,OptK
pr124,59030,69335.86,62934.86,6.615043198373709,65,CheapestInsertion,OptOr
pr124,59030,69335.86,61394.96,4.006369642554632,663,CheapestInsertion,Opt3
pr124,59030,69335.86,62616.56,6.075825851262066,9,CheapestInsertion,Opt2
pr124,59030,65729.02,65729.02,11.348500762324248,1,FarthestInsertion,LinKernighanHeuristic
pr124,59030,65729.02,65729.02,11.348500762324248,0,FarthestInsertion,OptK
pr124,59030,65729.02,62428.6,5.7574114856852425,74,FarthestInsertion,OptOr
pr124,59030,65729.02,65729.02,11.348500762324248,110,FarthestInsertion,Opt3
pr124,59030,65729.02,65729.02,11.348500762324248,3,FarthestInsertion,Opt2
pr124,59030,681212.18,62485.02,5.852990005082156,0,RandomPathConstruction,LinKernighanHeuristic
pr124,59030,681212.18,681212.18,1054.0101304421482,0,RandomPathConstruction,OptK
pr124,59030,681212.18,67369.16,14.12698627816365,416,RandomPathConstruction,OptOr
pr124,59030,681212.18,71159.62,20.548229713704888,442,RandomPathConstruction,Opt3
pr124,59030,681212.18,61190.61,3.6601897340335436,18,RandomPathConstruction,Opt2
pr136,96772,120777.86,106006.85,9.542894638945155,0,NearestNeighbor,LinKernighanHeuristic
pr136,96772,120777.86,120777.86,24.806617616665978,0,NearestNeighbor,OptK
pr136,96772,120777.86,105694.49,9.220115322613985,205,NearestNeighbor,OptOr
pr136,96772,120777.86,112112.01,15.851702971934026,630,NearestNeighbor,Opt3
pr136,96772,120777.86,107942.59,11.543204645971972,16,NearestNeighbor,Opt2
pr136,96772,138116.84,105790.68,9.31951390898193,0,MinimumSpanningTreeHeuristic,LinKernighanHeuristic
pr136,96772,138116.84,138116.84,42.72396974331418,0,MinimumSpanningTreeHeuristic,OptK
pr136,96772,138116.84,105828.29,9.358378456578343,453,MinimumSpanningTreeHeuristic,OptOr
pr136,96772,138116.84,106961.12,10.528995990575782,787,MinimumSpanningTreeHeuristic,Opt3
pr136,96772,138116.84,105010.8,8.513619642045223,19,MinimumSpanningTreeHeuristic,Opt2
pr136,96772,108181.82,103048.65,6.486018683090144,0,CheapestInsertion,LinKernighanHeuristic
pr136,96772,108181.82,108181.82,11.790414582730548,0,CheapestInsertion,OptK
pr136,96772,108181.82,101188.28,4.56359277476956,133,CheapestInsertion,OptOr
pr136,96772,108181.82,106894.14,10.459781755053115,473,CheapestInsertion,Opt3
pr136,96772,108181.82,103447.96,6.898648369363046,16,CheapestInsertion,Opt2
pr136,96772,105298.09,105296.35,8.808694663745717,0,FarthestInsertion,LinKernighanHeuristic
pr136,96772,105298.09,105298.09,8.810492704501298,0,FarthestInsertion,OptK
pr136,96772,105298.09,104290.06,7.768838093663454,33,FarthestInsertion,OptOr
pr136,96772,105298.09,105298.09,8.810492704501298,157,FarthestInsertion,Opt3
pr136,96772,105298.09,105296.35,8.808694663745717,8,FarthestInsertion,Opt2
pr136,96772,853536.34,109328.19,12.975023767205393,0,RandomPathConstruction,LinKernighanHeuristic
pr136,96772,853536.34,845562.6,773.7678254040425,0,RandomPathConstruction,OptK
pr136,96772,853536.34,112648.11,16.405685528871988,550,RandomPathConstruction,OptOr
pr136,96772,853536.34,109192.83,12.835148596701526,795,RandomPathConstruction,Opt3
pr136,96772,853536.34,110879.59,14.578173438597938,24,RandomPathConstruction,Opt2
pr144,58537,61650.72,61243.8,4.624083912738956,0,NearestNeighbor,LinKernighanHeuristic
pr144,58537,61650.72,61650.72,5.319233988759248,0,NearestNeighbor,OptK
pr144,58537,61650.72,59368.57,1.4205886874967963,99,NearestNeighbor,OptOr
pr144,58537,61650.72,61650.72,5.319233988759248,196,NearestNeighbor,Opt3
pr144,58537,61650.72,61243.8,4.624083912738956,15,NearestNeighbor,Opt2
pr144,58537,80596.32,68545.53,17.097784307361156,0,MinimumSpanningTreeHeuristic,LinKernighanHeuristic
pr144,58537,80596.32,80596.32,37.68440473546647,0,MinimumSpanningTreeHeuristic,OptK
pr144,58537,80596.32,76926.91,31.41587372089448,205,MinimumSpanningTreeHeuristic,OptOr
pr144,58537,80596.32,60622.21,3.562208517689665,980,MinimumSpanningTreeHeuristic,Opt3
pr144,58537,80596.32,62947.38,7.5343457983839235,23,MinimumSpanningTreeHeuristic,Opt2
pr144,58537,70705.92,61193.33,4.5378649401233435,0,CheapestInsertion,LinKernighanHeuristic
pr144,58537,70705.92,70705.92,20.788424415327057,0,CheapestInsertion,OptK
pr144,58537,70705.92,65217.91,11.413140406922123,230,CheapestInsertion,OptOr
pr144,58537,70705.92,65929.02,12.627944718724915,783,CheapestInsertion,Opt3
pr144,58537,70705.92,66556.37,13.69966004407468,14,CheapestInsertion,Opt2
pr144,58537,61972.28,61647.14,5.313118198746091,0,FarthestInsertion,LinKernighanHeuristic
pr144,58537,61972.28,61972.28,5.868561764354167,0,FarthestInsertion,OptK
pr144,58537,61972.28,61544.99,5.138613184823271,102,FarthestInsertion,OptOr
pr144,58537,61972.28,61972.28,5.868561764354167,238,FarthestInsertion,Opt3
pr144,58537,61972.28,61647.14,5.313118198746091,14,FarthestInsertion,Opt2
pr144,58537,836992.72,59673.65,1.9417633291764207,1,RandomPathConstruction,LinKernighanHeuristic
pr144,58537,836992.72,836051.49,1328.2445120180398,0,RandomPathConstruction,OptK
pr144,58537,836992.72,95183.55,62.604079471103745,1178,RandomPathConstruction,OptOr
pr144,58537,836992.72,67236.64,14.86177972906025,1961,RandomPathConstruction,Opt3
pr144,58537,836992.72,59673.65,1.9417633291764207,22,RandomPathConstruction,Opt2
pr152,73682,85702.95,77862.01,5.673040905512872,0,NearestNeighbor,LinKernighanHeuristic
pr152,73682,85702.95,85702.95,16.314635867647453,0,NearestNeighbor,OptK
pr152,73682,85702.95,77329.44,4.950245650226653,414,NearestNeighbor,OptOr
pr152,73682,85702.95,83066.22,12.73610922613393,722,NearestNeighbor,Opt3
pr152,73682,85702.95,77670.19,5.412705952607152,33,NearestNeighbor,Opt2
pr152,73682,85976.98,75378.84,2.3029233734154833,0,MinimumSpanningTreeHeuristic,LinKernighanHeuristic
pr152,73682,85976.98,85976.98,16.68654488206074,0,MinimumSpanningTreeHeuristic,OptK
pr152,73682,85976.98,77101.75,4.641228522569963,224,MinimumSpanningTreeHeuristic,OptOr
pr152,73682,85976.98,84373.35,14.510124589451978,964,MinimumSpanningTreeHeuristic,Opt3
pr152,73682,85976.98,75630.85,2.6449472055590317,48,MinimumSpanningTreeHeuristic,Opt2
pr152,73682,86144.46,77704.21,5.458877337748713,0,CheapestInsertion,LinKernighanHeuristic
pr152,73682,86144.46,86144.46,16.913845986808184,0,CheapestInsertion,OptK
pr152,73682,86144.46,77441.11,5.10180233978448,369,CheapestInsertion,OptOr
pr152,73682,86144.46,81575.61,10.713077820906056,963,CheapestInsertion,Opt3
pr152,73682,86144.46,77704.21,5.458877337748713,22,CheapestInsertion,Opt2
pr152,73682,76361.0,75398.37,2.3294291685893374,0,FarthestInsertion,LinKernighanHeuristic
pr152,73682,76361.0,76361.0,3.635894791129448,0,FarthestInsertion,OptK
pr152,73682,76361.0,75039.88,1.842892429630038,31,FarthestInsertion,OptOr
pr152,73682,76361.0,76344.77,3.6138677017453436,483,FarthestInsertion,Opt3
pr152,73682,76361.0,75398.37,2.3294291685893374,16,FarthestInsertion,Opt2
pr152,73682,1019843.84,76265.85,3.5067587741918054,0,RandomPathConstruction,LinKernighanHeuristic
pr152,73682,1019843.84,1018891.68,1282.8230504057979,1,RandomPathConstruction,OptK
pr152,73682,1019843.84,111357.71,51.132854699926725,1161,RandomPathConstruction,OptOr
pr152,73682,1019843.84,81208.53,10.214882875057679,1688,RandomPathConstruction,Opt3
pr152,73682,1019843.84,78552.1,6.609619717162952,26,RandomPathConstruction,Opt2
pr226,80369,95713.92,83464.12,3.851136632283586,0,NearestNeighbor,LinKernighanHeuristic
pr226,80369,95713.92,95713.92,19.093083153952392,0,NearestNeighbor,OptK
pr226,80369,95713.92,84584.42,5.245082059002847,1411,NearestNeighbor,OptOr
pr226,80369,95713.92,89448.07,11.29673132675535,6626,NearestNeighbor,Opt3
pr226,80369,95713.92,83311.61,3.6613744105314248,85,NearestNeighbor,Opt2
pr226,80369,118209.33,87296.41,8.61950503303513,1,MinimumSpanningTreeHeuristic,LinKernighanHeuristic
pr226,80369,118209.33,118209.33,47.08324105065386,0,MinimumSpanningTreeHeuristic,OptK
pr226,80369,118209.33,102210.7,27.17677213851111,3209,MinimumSpanningTreeHeuristic,OptOr
pr226,80369,118209.33,88952.36,10.679938782366335,6626,MinimumSpanningTreeHeuristic,Opt3
pr226,80369,118209.33,87296.41,8.61950503303513,85,MinimumSpanningTreeHeuristic,Opt2
pr226,80369,97595.76,85563.03,6.462728166332789,1,CheapestInsertion,LinKernighanHeuristic
pr226,80369,97595.76,97595.76,21.434582985977173,0,CheapestInsertion,OptK
pr226,80369,97595.76,93729.77,16.62428299468701,743,CheapestInsertion,OptOr
pr226,80369,97595.76,90723.16,12.883275889957574,6623,CheapestInsertion,Opt3
pr226,80369,97595.76,93190.92,15.95381303736515,86,CheapestInsertion,Opt2
pr226,80369,84124.49,82779.42,2.9991912304495494,0,FarthestInsertion,LinKernighanHeuristic
pr226,80369,84124.49,84124.49,4.672809167713926,0,FarthestInsertion,OptK
pr226,80369,84124.49,81414.06,1.300327240602717,457,FarthestInsertion,OptOr
pr226,80369,84124.49,83016.43,3.2940934937600233,4416,FarthestInsertion,Opt3
pr226,80369,84124.49,82779.42,2.9991912304495494,68,FarthestInsertion,Opt2
pr226,80369,1718139.06,87972.27,9.46045116898307,1,RandomPathConstruction,LinKernighanHeuristic
pr226,80369,1718139.06,1710536.13,2028.3531336709427,0,RandomPathConstruction,OptK
pr226,80369,1718139.06,126573.82,57.490848461471465,5292,RandomPathConstruction,OptOr
pr226,80369,1718139.06,98761.38,22.88491831427541,5520,RandomPathConstruction,Opt3
pr226,80369,1718139.06,87472.54,8.838656695989739,136,RandomPathConstruction,Opt2
pr264,49135,58022.86,52848.89,7.5585427902717,1,NearestNeighbor,LinKernighanHeuristic
pr264,49135,58022.86,58022.86,18.088653709168618,0,NearestNeighbor,OptK
pr264,49135,58022.86,54624.35,11.17197517044876,1857,NearestNeighbor,OptOr
pr264,49135,58022.86,57779.04,17.59242902208202,4006,NearestNeighbor,Opt3
pr264,49135,58022.86,53526.96,8.938557036735522,163,NearestNeighbor,Opt2
pr264,49135,67246.18,57050.46,16.109616363081305,0,MinimumSpanningTreeHeuristic,LinKernighanHeuristic
pr264,49135,67246.18,67246.18,36.860038668973225,0,MinimumSpanningTreeHeuristic,OptK
pr264,49135,67246.18,57134.13,16.279902309962342,4001,MinimumSpanningTreeHeuristic,OptOr
pr264,49135,67246.18,58660.17,19.385712831993484,12006,MinimumSpanningTreeHeuristic,Opt3
pr264,49135,67246.18,57134.67,16.281001322885924,135,MinimumSpanningTreeHeuristic,Opt2
pr264,49135,60997.06,51880.68,5.588032970387708,1,CheapestInsertion,LinKernighanHeuristic
pr264,49135,60997.06,60997.06,24.141772667141545,0,CheapestInsertion,OptK
pr264,49135,60997.06,52887.96,7.638058410501677,3719,CheapestInsertion,OptOr
pr264,49135,60997.06,54257.88,10.426132085071735,8016,CheapestInsertion,Opt3
pr264,49135,60997.06,51880.68,5.588032970387708,136,CheapestInsertion,Opt2
pr264,49135,55063.04,54519.67,10.958929480004066,1,FarthestInsertion,LinKernighanHeuristic
pr264,49135,55063.04,55063.04,12.064801058308742,0,FarthestInsertion,OptK
pr264,49135,55063.04,52983.8,7.833112852345585,1430,FarthestInsertion,OptOr
pr264,49135,55063.04,54812.53,11.554960822224482,6010,FarthestInsertion,Opt3
pr264,49135,55063.04,54519.67,10.958929480004066,54,FarthestInsertion,Opt2
pr264,49135,1171186.78,53011.61,7.889712017909842,1,RandomPathConstruction,LinKernighanHeuristic
pr264,49135,1171186.78,1171186.78,2283.6100132288593,0,RandomPathConstruction,OptK
pr264,49135,1171186.78,91123.86,85.45611071537601,12244,RandomPathConstruction,OptOr
pr264,49135,1171186.78,56987.1,15.980665513381497,14084,RandomPathConstruction,Opt3
pr264,49135,1171186.78,53651.84,9.192713951358494,136,RandomPathConstruction,Opt2
pr299,48191,62523.38,53507.02,11.031146894648373,1,NearestNeighbor,LinKernighanHeuristic
pr299,48191,62523.38,62523.38,29.740781473719153,0,NearestNeighbor,OptK
pr299,48191,62523.38,54630.43,13.362308314830571,6590,NearestNeighbor,OptOr
pr299,48191,62523.38,53139.79,10.269116640036522,16131,NearestNeighbor,Opt3
pr299,48191,62523.38,54996.77,14.122491751571864,154,NearestNeighbor,Opt2
pr299,48191,63569.24,54028.05,12.112323877902519,1,MinimumSpanningTreeHeuristic,LinKernighanHeuristic
pr299,48191,63569.24,63569.24,31.911020730011824,0,MinimumSpanningTreeHeuristic,OptK
pr299,48191,63569.24,55283.35,14.717167105891138,5743,MinimumSpanningTreeHeuristic,OptOr
pr299,48191,63569.24,54168.91,12.404619119752658,12898,MinimumSpanningTreeHeuristic,Opt3
pr299,48191,63569.24,54022.45,12.100703450851814,193,MinimumSpanningTreeHeuristic,Opt2
pr299,48191,56674.7,54072.95,12.205494801933964,0,CheapestInsertion,LinKernighanHeuristic
pr299,48191,56674.7,56674.7,17.60432445892386,0,CheapestInsertion,OptK
pr299,48191,56674.7,52937.99,9.85036625095972,2234,CheapestInsertion,OptOr
pr299,48191,56674.7,54818.47,13.752505654582809,9689,CheapestInsertion,Opt3
pr299,48191,56674.7,53539.35,11.098234110103542,192,CheapestInsertion,Opt2
pr299,48191,52012.19,51537.26,6.9437446826170905,0,FarthestInsertion,LinKernighanHeuristic
pr299,48191,52012.19,52012.19,7.929260650328905,0,FarthestInsertion,OptK
pr299,48191,52012.19,50591.71,4.981656325869974,1045,FarthestInsertion,OptOr
pr299,48191,52012.19,51388.73,6.635533605860022,12913,FarthestInsertion,Opt3
pr299,48191,52012.19,51262.09,6.372745948413597,155,FarthestInsertion,Opt2
pr299,48191,793707.12,51239.49,6.325849224959013,1,RandomPathConstruction,LinKernighanHeuristic
pr299,48191,793707.12,791897.42,1543.2475358469426,0,RandomPathConstruction,OptK
pr299,48191,793707.12,63280.51,31.3118839617356,28891,RandomPathConstruction,OptOr
pr299,48191,793707.12,60553.16,25.652424726608707,22605,RandomPathConstruction,Opt3
pr299,48191,793707.12,54055.67,12.169637484177539,231,RandomPathConstruction,Opt2
rat195,2323,2761.96,2489.73,7.177356866121396,1,NearestNeighbor,LinKernighanHeuristic
rat195,2323,2761.96,2761.96,18.896254842875592,0,NearestNeighbor,OptK
rat195,2323,2761.96,2536.27,9.180800688764528,868,NearestNeighbor,OptOr
rat195,2323,2761.96,2529.52,8.890228153250106,2508,NearestNeighbor,Opt3
rat195,2323,2761.96,2489.92,7.185535944898841,56,NearestNeighbor,Opt2
rat195,2323,3216.05,2520.74,8.512268618166155,1,MinimumSpanningTreeHeuristic,LinKernighanHeuristic
rat195,2323,3216.05,3216.05,38.443822643133885,0,MinimumSpanningTreeHeuristic,OptK
rat195,2323,3216.05,2521.32,8.537236332328892,1555,MinimumSpanningTreeHeuristic,OptOr
rat195,2323,3216.05,2628.29,13.14205768402927,2510,MinimumSpanningTreeHeuristic,Opt3
rat195,2323,3216.05,2568.87,10.58415841584158,45,MinimumSpanningTreeHeuristic,Opt2
rat195,2323,2737.76,2533.97,9.081790787774422,0,CheapestInsertion,LinKernighanHeuristic
rat195,2323,2737.76,2737.76,17.854498493327604,0,CheapestInsertion,OptK
rat195,2323,2737.76,2451.64,5.537666810159271,849,CheapestInsertion,OptOr
rat195,2323,2737.76,2587.02,11.365475678002582,1884,CheapestInsertion,Opt3
rat195,2323,2737.76,2561.91,10.28454584588893,44,CheapestInsertion,Opt2
rat195,2323,2599.67,2588.52,11.430047352561342,0,FarthestInsertion,LinKernighanHeuristic
rat195,2323,2599.67,2599.67,11.910030133448132,0,FarthestInsertion,OptK
rat195,2323,2599.67,2509.47,8.02712010331467,329,FarthestInsertion,OptOr
rat195,2323,2599.67,2589.1,11.45501506672406,1883,FarthestInsertion,Opt3
rat195,2323,2599.67,2588.52,11.430047352561342,22,FarthestInsertion,Opt2
rat195,2323,22848.76,2605.06,12.14205768402927,0,RandomPathConstruction,LinKernighanHeuristic
rat195,2323,22848.76,22848.76,883.5884631941453,0,RandomPathConstruction,OptK
rat195,2323,22848.76,2803.58,20.68790357296599,1579,RandomPathConstruction,OptOr
rat195,2323,22848.76,2764.35,18.999139044339213,4392,RandomPathConstruction,Opt3
rat195,2323,22848.76,2625.02,13.001291433491174,56,RandomPathConstruction,Opt2
rd100,7910,9941.16,8553.76,8.138558786346401,0,NearestNeighbor,LinKernighanHeuristic
rd100,7910,9941.16,9941.16,25.678381795195953,0,NearestNeighbor,OptK
rd100,7910,9941.16,8739.84,10.491024020227561,112,NearestNeighbor,OptOr
rd100,7910,9941.16,9019.72,14.029329962073318,244,NearestNeighbor,Opt3
rd100,7910,9941.16,8255.74,4.370922882427304,9,NearestNeighbor,Opt2
rd100,7910,10791.66,9037.06,14.24854614412136,0,MinimumSpanningTreeHeuristic,LinKernighanHeuristic
rd100,7910,10791.66,10791.66,36.43059418457648,0,MinimumSpanningTreeHeuristic,OptK
rd100,7910,10791.66,9000.86,13.790897597977251,128,MinimumSpanningTreeHeuristic,OptOr
rd100,7910,10791.66,9086.85,14.87800252844501,145,MinimumSpanningTreeHeuristic,Opt3
rd100,7910,10791.66,8872.15,12.163716814159288,7,MinimumSpanningTreeHeuristic,Opt2
rd100,7910,8904.47,8741.91,10.517193426042981,0,CheapestInsertion,LinKernighanHeuristic
rd100,7910,8904.47,8904.47,12.572313527180775,0,CheapestInsertion,OptK
rd100,7910,8904.47,8295.96,4.879393173198472,70,CheapestInsertion,OptOr
rd100,7910,8904.47,8738.87,10.478761061946914,145,CheapestInsertion,Opt3
rd100,7910,8904.47,8741.91,10.517193426042981,4,CheapestInsertion,Opt2
rd100,7910,8947.95,8840.49,11.763463969658657,0,FarthestInsertion,LinKernighanHeuristic
rd100,7910,8947.95,8947.95,13.121997471555002,0,FarthestInsertion,OptK
rd100,7910,8947.95,8720.94,10.252085967130222,35,FarthestInsertion,OptOr
rd100,7910,8947.95,8947.95,13.121997471555002,49,FarthestInsertion,Opt3
rd100,7910,8947.95,8840.49,11.763463969658657,3,FarthestInsertion,Opt2
rd100,7910,56448.22,9317.77,17.79734513274337,0,RandomPathConstruction,LinKernighanHeuristic
rd100,7910,56448.22,54653.68,590.9441213653604,0,RandomPathConstruction,OptK
rd100,7910,56448.22,9081.78,14.813906447534775,182,RandomPathConstruction,OptOr
rd100,7910,56448.22,9207.36,16.4015170670038,244,RandomPathConstruction,Opt3
rd100,7910,56448.22,8436.74,6.659165613147912,9,RandomPathConstruction,Opt2
ts225,126643,155806.65,133600.49,5.493781732902719,1,NearestNeighbor,LinKernighanHeuristic
ts225,126643,155806.65,155806.65,23.028236854780758,0,NearestNeighbor,OptK
ts225,126643,155806.65,142404.61,12.445701696895988,841,NearestNeighbor,OptOr
ts225,126643,155806.65,147964.32,16.8357666827223,3254,NearestNeighbor,Opt3
ts225,126643,155806.65,134211.64,5.976358740712091,67,NearestNeighbor,Opt2
ts225,126643,190658.57,139375.34,10.05372582772044,0,MinimumSpanningTreeHeuristic,LinKernighanHeuristic
ts225,126643,190658.57,190658.57,50.54805239926408,0,MinimumSpanningTreeHeuristic,OptK
ts225,126643,190658.57,151515.32,19.639711630330936,3143,MinimumSpanningTreeHeuristic,OptOr
ts225,126643,190658.57,152282.66,20.245619576289258,5427,MinimumSpanningTreeHeuristic,Opt3
ts225,126643,190658.57,138592.71,9.435744573328169,84,MinimumSpanningTreeHeuristic,Opt2
ts225,126643,144217.09,132552.83,4.666527166918019,0,CheapestInsertion,LinKernighanHeuristic
ts225,126643,144217.09,144217.09,13.87687436336789,0,CheapestInsertion,OptK
ts225,126643,144217.09,135503.37,6.996336157545222,896,CheapestInsertion,OptOr
ts225,126643,144217.09,129587.01,2.324652764069072,3256,CheapestInsertion,Opt3
ts225,126643,144217.09,131853.85,4.114597727470137,67,CheapestInsertion,Opt2
ts225,126643,142605.95,142605.95,12.604684033069347,1,FarthestInsertion,LinKernighanHeuristic
ts225,126643,142605.95,142605.95,12.604684033069347,0,FarthestInsertion,OptK
ts225,126643,142605.95,141313.69,11.584288116990283,440,FarthestInsertion,OptOr
ts225,126643,142605.95,141582.8,11.796783083155002,2171,FarthestInsertion,Opt3
ts225,126643,142605.95,142605.95,12.604684033069347,34,FarthestInsertion,Opt2
ts225,126643,1654691.14,136299.53,7.625000987026523,1,RandomPathConstruction,LinKernighanHeuristic
ts225,126643,1654691.14,1646051.99,1199.7575783896466,0,RandomPathConstruction,OptK
ts225,126643,1654691.14,146074.3,15.34336678695229,6652,RandomPathConstruction,OptOr
ts225,126643,1654691.14,159136.56,25.657604447146703,8692,RandomPathConstruction,Opt3
ts225,126643,1654691.14,133094.24,5.094035990935141,185,RandomPathConstruction,Opt2
tsp225,3916,4786.42,4163.03,6.308222676200198,1,NearestNeighbor,LinKernighanHeuristic
tsp225,3916,4786.42,4786.42,22.22727272727273,0,NearestNeighbor,OptK
tsp225,3916,4786.42,4249.55,8.517620020429014,1809,NearestNeighbor,OptOr
tsp225,3916,4786.42,4335.05,10.700970377936676,3256,NearestNeighbor,Opt3
tsp225,3916,4786.42,4163.03,6.308222676200198,84,NearestNeighbor,Opt2
tsp225,3916,5111.73,4196.05,7.151430030643518,1,MinimumSpanningTreeHeuristic,LinKernighanHeuristic
tsp225,3916,5111.73,5111.73,30.53447395301327,0,MinimumSpanningTreeHeuristic,OptK
tsp225,3916,5111.73,4170.2,6.491317671092947,2798,MinimumSpanningTreeHeuristic,OptOr
tsp225,3916,5111.73,4231.82,8.06486210418794,5427,MinimumSpanningTreeHeuristic,Opt3
tsp225,3916,5111.73,4196.05,7.151430030643518,84,MinimumSpanningTreeHeuristic,Opt2
tsp225,3916,4714.68,4312.02,10.112870275791636,0,CheapestInsertion,LinKernighanHeuristic
tsp225,3916,4714.68,4714.68,20.395301327885605,0,CheapestInsertion,OptK
tsp225,3916,4714.68,4218.19,7.716802860061277,1530,CheapestInsertion,OptOr
tsp225,3916,4714.68,4500.09,14.915474974463741,4339,CheapestInsertion,Opt3
tsp225,3916,4714.68,4349.42,11.067926455566907,50,CheapestInsertion,Opt2
tsp225,3916,4298.23,4223.0,7.839632277834525,0,FarthestInsertion,LinKernighanHeuristic
tsp225,3916,4298.23,4298.23,9.760725229826342,0,FarthestInsertion,OptK
tsp225,3916,4298.23,4111.29,4.986976506639427,983,FarthestInsertion,OptOr
tsp225,3916,4298.23,4284.47,9.409346271705829,3254,FarthestInsertion,Opt3
tsp225,3916,4298.23,4223.0,7.839632277834525,50,FarthestInsertion,Opt2
tsp225,3916,39296.92,4338.15,10.780132788559746,1,RandomPathConstruction,LinKernighanHeuristic
tsp225,3916,39296.92,39158.63,899.9650153217567,0,RandomPathConstruction,OptK
tsp225,3916,39296.92,4424.78,12.992339121552599,7786,RandomPathConstruction,OptOr
tsp225,3916,39296.92,4525.82,15.572522982635334,5425,RandomPathConstruction,Opt3
tsp225,3916,39296.92,4326.18,10.474463738508689,100,RandomPathConstruction,Opt2
u159,42080,53737.89,48204.44,14.55427756653993,1,NearestNeighbor,LinKernighanHeuristic
u159,42080,53737.89,53737.89,27.704111216730038,0,NearestNeighbor,OptK
u159,42080,53737.89,47786.81,13.561810836501895,440,NearestNeighbor,OptOr
u159,42080,53737.89,47803.96,13.602566539923952,1433,NearestNeighbor,Opt3
u159,42080,53737.89,47903.92,13.840114068441062,24,NearestNeighbor,Opt2
u159,42080,57316.69,44970.82,6.869819391634981,0,MinimumSpanningTreeHeuristic,LinKernighanHeuristic
u159,42080,57316.69,57316.69,36.20886406844107,0,MinimumSpanningTreeHeuristic,OptK
u159,42080,57316.69,48219.63,14.590375475285164,582,MinimumSpanningTreeHeuristic,OptOr
u159,42080,57316.69,46934.33,11.535955323193921,1146,MinimumSpanningTreeHeuristic,Opt3
u159,42080,57316.69,44708.2,6.245722433460069,36,MinimumSpanningTreeHeuristic,Opt2
u159,42080,51120.72,47651.39,13.239995247148286,0,CheapestInsertion,LinKernighanHeuristic
u159,42080,51120.72,51120.72,21.484600760456278,0,CheapestInsertion,OptK
u159,42080,51120.72,46118.94,9.598241444866925,338,CheapestInsertion,OptOr
u159,42080,51120.72,47222.6,12.221007604562734,1145,CheapestInsertion,Opt3
u159,42080,51120.72,47651.39,13.239995247148286,36,CheapestInsertion,Opt2
u159,42080,46479.61,46267.74,9.951853612167296,0,FarthestInsertion,LinKernighanHeuristic
u159,42080,46479.61,46479.61,10.455346958174907,0,FarthestInsertion,OptK
u159,42080,46479.61,45646.67,8.475926806083645,174,FarthestInsertion,OptOr
u159,42080,46479.61,46403.29,10.27397813688213,575,FarthestInsertion,Opt3
u159,42080,46479.61,46267.74,9.951853612167296,18,FarthestInsertion,Opt2
u159,42080,451674.77,45744.72,8.708935361216733,1,RandomPathConstruction,LinKernighanHeuristic
u159,42080,451674.77,449032.27,967.0918963878327,0,RandomPathConstruction,OptK
u159,42080,451674.77,46141.18,9.651093155893536,1405,RandomPathConstruction,OptOr
u159,42080,451674.77,48939.56,16.30123574144486,1719,RandomPathConstruction,Opt3
u159,42080,451674.77,47374.14,12.581131178707222,30,RandomPathConstruction,Opt2
